{
    "client": {
        "E0": 0.016383900000000007,
        "E1": 0.016303599999999974,
        "H0": 0.01949040000000002
    },
    "server": {
        "E0": 0.016985300000000036,
        "E1": 0.01594580000000001,
        "H0": 0.0014001000000000152
    },
    "throughput": 16666666.658883307,
    "transmit time": 2.2800000010647636e-05,
    "archive size": 325,
    "encrypted archive size": 380
}