{
    "client": {
        "E0": 0.005455899999999958,
        "E1": 0.0,
        "H0": 0.0005325999999999942
    },
    "server": {
        "E0": 0.008890899999999924,
        "E1": 0.0,
        "H0": 0.18337229999999993
    },
    "throughput": 5452292.441152012,
    "transmit time": 8.069999999982258e-05,
    "archive size": 400,
    "encrypted archive size": 440
}